from,to,status,reason
/psychiatrist-in-delhi/,/best-psychiatrist-in-delhi/,301,already redirects on the live site
/sexologist/,/sexologist-in-delhi/,301,internal link target that redirects today
/sexual-disorders-treatment-hospital/,/sexologist-in-delhi/,301,internal link target that redirects today
/schizophrenia-treatment-delhi/,/schizophrenia-treatment-delhi-gurgaon-ncr/,301,internal link target that redirects today
/schizophrenia-treatment-delhi.php,/schizophrenia-treatment-delhi-gurgaon-ncr/,301,internal link target that redirects today
/de-addiction-treatment/,/deaddiction-centre/,301,internal link target that redirects today
/cognitive-behavioural-therapy-cbt-delhi-india.php,/cbt-behavioural-therapy/,301,internal link target that redirects today
/bipolar-disorder-treatment/,/bipolar-disorder-treatment-delhi-gurgaon/,301,internal link target that redirects today
/de-adddiction-treatment/,/deaddiction-centre/,301,internal link target that redirects today
/de-addiction-treatment/alcohol-addiction/,/deaddiction-centre/alcohol-addiction/,301,internal link target that redirects today
/de-addiction-treatment/heroin-addiction/,/deaddiction-centre/heroin-addiction/,301,internal link target that redirects today
/psychosocial-rehabilitation-centre/,/rehabilitation-centre-in-india/,301,internal link target that redirects today
/blog/borderline-personality-disorder,/blog/borderline-personality-disorder-case-study/,301,internal link target that redirects today
/de-adddiction-treatment/alcohol-addiction/,/deaddiction-centre/alcohol-addiction/,301,internal link target that redirects today
/rehabilitation-centre-faq/,/rehabilitation-centre/,301,internal link target that redirects today
/de-addiction-treatment/cocaine-addiction/,/deaddiction-centre/cocaine-addiction/,301,internal link target that redirects today
/team/mr-inderjeet-singh/,/team/inderjeet-singh/,301,internal link target that redirects today
/psychiatric-hospital-in-delhi/,/psychiatric-mental-hospital-in-delhi/,301,internal link target that redirects today
/de-addiction-treatment/marijuana-treatment/,/deaddiction-centre/marijuana-treatment/,301,internal link target that redirects today
/rehabilitation-centre-in-meerut/%20,/rehabilitation-centre-in-meerut/,301,internal link target that redirects today
/rehabilitation-centre-in-south-delhi/,/rehabilitation-centre-in-delhi/,301,internal link target that redirects today
/psychosexual-disorders-treatment-hospital/,/sexologist-in-delhi/,301,internal link target that redirects today
/?p=18062,/blog/types-of-group-therapy-and-benefits/,301,WordPress shortlink
/?p=18001,/blog/when-to-see-a-therapist-in-delhi-gurgaon/,301,WordPress shortlink
/?p=17961,/blog/ketamine-therapy-for-mental-health/,301,WordPress shortlink
/?p=17905,/blog/substance-abuse-treatment-recovery-process/,301,WordPress shortlink
/?p=17877,/blog/mental-health-counsellor-gurgaon-delhi/,301,WordPress shortlink
/?p=17849,/blog/how-can-family-support-help-during-mental-health-and-addiction-recovery/,301,WordPress shortlink
/?p=17656,/blog/why-is-psychiatric-medication-important-in-mental-healthcare/,301,WordPress shortlink
/?p=17637,/blog/understanding-psychological-terms/,301,WordPress shortlink
/?p=17624,/blog/why-is-mental-health-recovery-often-misunderstood/,301,WordPress shortlink
/?p=17571,/blog/what-is-psychosis-causes-symptoms-treatment/,301,WordPress shortlink
/?p=17529,/blog/why-do-i-feel-disconnected-from-everyone/,301,WordPress shortlink
/?p=17437,/blog/psychodynamic-therapy-what-it-is-and-how-it-works/,301,WordPress shortlink
/?p=17408,/blog/why-does-couples-therapy-work/,301,WordPress shortlink
/?p=17257,/blog/act-therapy-a-simple-guide/,301,WordPress shortlink
/?p=17094,/blog/what-is-dbt-therapy/,301,WordPress shortlink
/?p=16740,/blog/what-is-it-like-to-have-schizophrenia/,301,WordPress shortlink
/?p=16566,/blog/can-a-psychologist-diagnose-bipolar-disorder/,301,WordPress shortlink
/?p=16479,/blog/how-therapy-helps-with-depression/,301,WordPress shortlink
/?p=16411,/blog/what-to-expect-during-your-childs-first-counseling-session/,301,WordPress shortlink
/?p=16380,/blog/7-signs-you-need-to-see-a-psychologist/,301,WordPress shortlink
/?p=16292,/blog/how-to-verify-psychologist-rci-registration/,301,WordPress shortlink
/?p=16222,/blog/cbt-vs-dbt-vs-emdr-for-anxiety-and-depression/,301,WordPress shortlink
/?p=16154,/blog/understanding-bipolar-disorder-signs-symptoms/,301,WordPress shortlink
/?p=16091,/blog/what-happens-in-your-first-therapy-session/,301,WordPress shortlink
/?p=16018,/blog/corporate-burnout-delhi-ncr-hustle-culture-brain-effects/,301,WordPress shortlink
/?p=15937,/blog/top-5-questions-to-ask-a-psychologist-before-your-first-appointment/,301,WordPress shortlink
/?p=15809,/blog/when-should-you-go-to-a-deaddiction-centre-for-help/,301,WordPress shortlink
/?p=15673,/blog/what-happens-during-the-deaddiction-treatment-programme/,301,WordPress shortlink
/?p=15657,/blog/what-is-family-therapy-types-benefits-and-solution/,301,WordPress shortlink
/?p=15637,/blog/how-dbt-therapy-works/,301,WordPress shortlink
/?p=15604,/blog/what-is-act-therapy-used-for/,301,WordPress shortlink
/?p=15591,/blog/what-does-art-therapy-do/,301,WordPress shortlink
/?p=15567,/blog/what-is-dtms-therapy/,301,WordPress shortlink
/?p=15542,/blog/how-does-cbt-therapy-work/,301,WordPress shortlink
/?p=15451,/blog/when-should-you-seek-a-therapist-for-anxiety/,301,WordPress shortlink
/?p=15425,/blog/can-a-psychiatrist-treats-stress/,301,WordPress shortlink
/?p=15409,/blog/is-a-psychiatrist-only-for-depression/,301,WordPress shortlink
/?p=15381,/blog/what-is-the-difference-between-stress-and-anxiety/,301,WordPress shortlink
/?p=15353,/blog/can-a-schizophrenic-live-a-normal-life/,301,WordPress shortlink
/?p=15335,/blog/what-is-considered-an-alcohol-disorder/,301,WordPress shortlink
/?p=15299,/blog/what-are-the-most-common-treatments-for-drug-addiction/,301,WordPress shortlink
/?p=15277,/blog/how-does-therapy-help-with-work-related-stress/,301,WordPress shortlink
/?p=15264,/blog/how-to-motivate-someone-to-seek-help-for-addiction/,301,WordPress shortlink
/?p=15241,/blog/what-are-the-most-common-misconceptions-about-therapy/,301,WordPress shortlink
/?p=15207,/blog/how-do-i-know-if-therapy-is-working-for-me/,301,WordPress shortlink
/?p=15195,/blog/what-are-the-best-treatments-for-depression/,301,WordPress shortlink
/?p=15177,/blog/how-long-does-therapy-take-with-a-psychiatrist/,301,WordPress shortlink
/?p=15161,/blog/how-can-a-psychologist-help-with-stress-and-anxiety/,301,WordPress shortlink
/?p=15146,/blog/what-does-a-psychiatrist-do-in-a-session/,301,WordPress shortlink
/?p=15119,/blog/how-to-see-a-psychiatrist-immediately/,301,WordPress shortlink
/?p=15107,/blog/how-to-identify-a-good-psychiatrist/,301,WordPress shortlink
/?p=15085,/blog/is-anxiety-a-mental-illness/,301,WordPress shortlink
/?p=15062,/blog/how-to-reset-your-body-from-chronic-stress/,301,WordPress shortlink
/?p=15028,/blog/can-i-talk-to-a-psychologist-online/,301,WordPress shortlink
/?p=15009,/blog/which-hormone-is-tested-for-anxiety/,301,WordPress shortlink
/?p=14968,/blog/is-overthinking-a-form-of-ocd/,301,WordPress shortlink
/?p=14946,/blog/what-is-the-three-month-role-in-mental-health/,301,WordPress shortlink
/?p=14891,/blog/what-habits-reduce-depression/,301,WordPress shortlink
/?p=14725,/blog/what-is-a-red-flag-in-therapy/,301,WordPress shortlink
/?p=14693,/blog/what-type-of-counseling-is-best-for-anxiety/,301,WordPress shortlink
/?p=14654,/blog/is-it-okay-to-cry-in-front-of-a-psychiatrist/,301,WordPress shortlink
/?p=14634,/blog/what-kind-of-questions-do-psychiatrists-ask/,301,WordPress shortlink
/?p=14589,/blog/how-are-patients-treated-in-a-mental-hospital/,301,WordPress shortlink
/?p=14538,/blog/what-not-to-say-to-your-psychiatrist/,301,WordPress shortlink
/?p=14475,/blog/how-quickly-can-a-psychiatrist-make-a-diagnosis/,301,WordPress shortlink
/?p=14382,/blog/what-are-the-condition-and-types-of-diseases-treated-by-a-psychiatrist/,301,WordPress shortlink
/?p=14340,/blog/will-a-psychiatrist-prescribed-medication-in-the-first-visit/,301,WordPress shortlink
/?p=14290,/blog/how-do-i-prepare-for-my-first-psychiatry-appointment/,301,WordPress shortlink
/?p=14251,/blog/different-aspects-of-consulting-with-a-psychiatrist/,301,WordPress shortlink
/?p=14084,/blog/what-are-the-five-golden-rules-of-mental-health/,301,WordPress shortlink
/?p=14054,/blog/can-a-test-detect-all-mental-illnesses/,301,WordPress shortlink
/?p=13881,/blog/what-happens-when-mental-illness-goes-untreated/,301,WordPress shortlink
/?p=13863,/blog/what-are-the-signs-of-a-mental-breakdown/,301,WordPress shortlink
/?p=13838,/blog/which-is-the-hardest-mental-illness-to-live-with/,301,WordPress shortlink
/?p=13808,/blog/how-do-people-with-anxiety-act/,301,WordPress shortlink
/?p=13787,/blog/what-is-high-functioning-anxiety/,301,WordPress shortlink
/?p=13764,/blog/signs-of-depression-in-adolescents/,301,WordPress shortlink
/?p=13749,/blog/importance-of-meditation-and-handling-anxiety/,301,WordPress shortlink
/?p=13691,/blog/top-five-signs-of-bipolar-disorder-you-should-know/,301,WordPress shortlink
/?p=13665,/blog/can-anxiety-be-felt-in-the-body/,301,WordPress shortlink
/?p=13649,/blog/how-does-depression-emerge/,301,WordPress shortlink
/?p=13609,/blog/can-ocd-be-100-percent-cured/,301,WordPress shortlink
/?p=13581,/blog/what-is-the-right-treatment-plan-for-ocd/,301,WordPress shortlink
/?p=13536,/blog/what-does-schizophrenia-look-like/,301,WordPress shortlink
/?p=13502,/blog/why-are-mental-health-services-important/,301,WordPress shortlink
/?p=13458,/blog/is-alcoholism-an-illness/,301,WordPress shortlink
/?p=13382,/blog/what-is-the-best-therapy-for-anxiety/,301,WordPress shortlink
/?p=13339,/blog/how-to-pick-a-good-psychiatrist/,301,WordPress shortlink
/?p=13321,/blog/what-are-the-signs-of-a-mental-health-issue/,301,WordPress shortlink
/?p=13307,/blog/what-are-the-first-signs-of-anxiety/,301,WordPress shortlink
/?p=13196,/blog/can-diet-affect-depression/,301,WordPress shortlink
/?p=13179,/blog/can-a-normal-person-go-to-a-psychiatrist/,301,WordPress shortlink
/?p=13129,/blog/sedentary-lifestyle-and-impact-on-mental-well-being/,301,WordPress shortlink
/?p=12441,/blog/what-is-it-like-to-live-with-antisocial-personality-disorder/,301,WordPress shortlink
/?p=12204,/blog/can-a-person-overcome-borderline-personality-disorder/,301,WordPress shortlink
/?p=12192,/blog/is-schizophrenia-treatable/,301,WordPress shortlink
/?p=12129,/blog/what-is-histrionic-personality-disorder/,301,WordPress shortlink
/?p=12110,/blog/can-a-person-with-ocd-live-a-happy-life/,301,WordPress shortlink
/?p=12092,/blog/what-are-the-signs-of-a-narcissist-person/,301,WordPress shortlink
/?p=12078,/blog/is-alcholism-a-disability/,301,WordPress shortlink
/?p=12023,/blog/which-foods-are-good-for-anxiety-and-depression/,301,WordPress shortlink
/?p=12008,/blog/is-cbt-good-for-schizophreniai/,301,WordPress shortlink
/?p=11995,/blog/how-does-cbt-treat-anxiety/,301,WordPress shortlink
/?p=11979,/blog/what-are-the-4-stages-of-group-therapy/,301,WordPress shortlink
/?p=11964,/blog/what-is-the-goal-of-acceptance-and-commitment-therapy/,301,WordPress shortlink
/?p=11948,/blog/tips-to-get-out-of-depression/,301,WordPress shortlink
/?p=11917,/blog/what-are-the-4-domains-of-interpersonal-therapy/,301,WordPress shortlink
/?p=11875,/blog/what-does-exposure-therapy-do/,301,WordPress shortlink
/?p=11854,/blog/what-is-the-rebt-approach-to-therapy/,301,WordPress shortlink
/?p=11842,/blog/what-is-dbt-therapy-and-how-does-it-work/,301,WordPress shortlink
/?p=11818,/blog/how-does-cbt-help-in-rehabilitation/,301,WordPress shortlink
/?p=11792,/blog/how-does-environment-affect-mental-health/,301,WordPress shortlink
/?p=11722,/blog/does-alcoholism-run-in-families/,301,WordPress shortlink
/?p=11693,/blog/what-causes-cluster-a-personality-disorder/,301,WordPress shortlink
/?p=11681,/blog/can-bpd-be-cured/,301,WordPress shortlink
/?p=11602,/blog/what-is-deep-tms-therapy/,301,WordPress shortlink
/?p=11583,/blog/why-mental-health-is-important/,301,WordPress shortlink
/?p=11559,/blog/how-to-know-if-your-child-needs-psychiatric-support/,301,WordPress shortlink
/?p=11444,/blog/what-is-the-success-rate-for-psychiatric-treatment/,301,WordPress shortlink
/?p=11390,/blog/can-psychiatrist-treat-erectile-dysfunction/,301,WordPress shortlink
/?p=11346,/blog/what-is-mect/,301,WordPress shortlink
/?p=11290,/blog/what-foods-help-with-depression/,301,WordPress shortlink
/?p=11268,/blog/are-mood-swings-always-a-sign-of-bipolar-disorder/,301,WordPress shortlink
/?p=11257,/blog/mental-health-stigma-in-india/,301,WordPress shortlink
/?p=11205,/blog/can-depression-be-genetic/,301,WordPress shortlink
/?p=11188,/blog/what-are-the-most-common-psychiatric-tests/,301,WordPress shortlink
/?p=11171,/blog/what-are-the-six-most-essential-questions-in-psychiatric-diagnosis/,301,WordPress shortlink
/?p=11154,/blog/burnout-vs-depression-whats-the-difference/,301,WordPress shortlink
/?p=11147,/blog/blood-tests-indicating-risk-of-future-mental-illness/,301,WordPress shortlink
/?p=11121,/blog/how-to-effectively-cope-with-depression/,301,WordPress shortlink
/?p=11105,/blog/what-are-the-best-resources-for-anxiety/,301,WordPress shortlink
/?p=11076,/blog/how-is-the-environment-of-a-rehabilitation-center/,301,WordPress shortlink
/?p=11044,/blog/do-rehabilitation-center-cure-addiction/,301,WordPress shortlink
/?p=11029,/blog/do-rehabilitation-centers-take-adolescents/,301,WordPress shortlink
/?p=10998,/blog/what-happens-in-a-rehabilitation-center/,301,WordPress shortlink
/?p=10991,/blog/who-is-a-psychiatrist/,301,WordPress shortlink
/?p=10975,/blog/how-to-approach-mental-health-concerns-the-right-way/,301,WordPress shortlink
/?p=10946,/blog/purpose-of-a-rehabilitation-centre/,301,WordPress shortlink
/?p=10941,/blog/role-of-therapy-in-de-addiction-cbt-dbt-and-more/,301,WordPress shortlink
/?p=10934,/blog/adult-adhd/,301,WordPress shortlink
/?p=10928,/blog/early-signs-of-relapse-you-shouldnt-ignore/,301,WordPress shortlink
/?p=10889,/blog/how-do-i-know-if-i-need-a-psychiatrist/,301,WordPress shortlink
/?p=10836,/blog/how-can-a-psychiatrist-help-me/,301,WordPress shortlink
/?p=10795,/blog/what-is-alzehimers-disease-how-can-we-treat-manage-it/,301,WordPress shortlink
/?p=10770,/blog/geriatric-therapy-how-to-help-aging-adults-with-mental-health-issues/,301,WordPress shortlink
/?p=10716,/blog/how-rehabilitation-centers-tailor-treatment-plans-for-individual-needs-debunking-myths/,301,WordPress shortlink
/?p=10680,/blog/is-dementia-curable/,301,WordPress shortlink
/?p=10529,/blog/coping-skills-for-depression-by-best-psychiatrist-in-delhi/,301,WordPress shortlink
/?p=10500,/blog/ocd-treatment-by-the-best-psychiatrist-in-delhi/,301,WordPress shortlink
/?p=10462,/blog/personality-disorder-and-its-treatment/,301,WordPress shortlink
/?p=10398,/blog/bipolar-disorder-specialists/,301,WordPress shortlink
/?p=10296,/blog/a-day-at-tulasi-healthcare-our-rehab-centre-in-delhi/,301,WordPress shortlink
/?p=10217,/blog/female-sexual-disorders-treatment-options-with-best-sexologist-in-delhi/,301,WordPress shortlink
/?p=10111,/blog/signs-of-alcoholism/,301,WordPress shortlink
/?p=9974,/blog/sexologist-for-female-sexual-disorder/,301,WordPress shortlink
/?p=9681,/blog/ocd-treatment-options-and-management-strategies/,301,WordPress shortlink
/?p=9661,/blog/approach-towards-anxiety-treatment/,301,WordPress shortlink
/?p=9605,/blog/how-to-tackle-depression-finding-the-right-treatment-plan/,301,WordPress shortlink
/?p=9402,/blog/erectile-dysfunction-treatment/,301,WordPress shortlink
/?p=9256,/blog/harmful-effects-of-alcohol-addiction-why-consider-an-alcohol-rehabilitation-center/,301,WordPress shortlink
/?p=9227,/blog/top-4-rehabilitation-centre-in-india/,301,WordPress shortlink
/?p=9081,/blog/why-consider-a-rehabilitation-centre-for-your-mental-well-being/,301,WordPress shortlink
/?p=8852,/blog/borderline-personality-disorder-treatment-case-study/,301,WordPress shortlink
/?p=8792,/blog/borderline-personality-disorder-case-study/,301,WordPress shortlink
/?p=8698,/blog/benefit-choosing-right-deaddiction-center/,301,WordPress shortlink
/?p=8587,/blog/case-study-of-an-ocd-patient/,301,WordPress shortlink
/?p=8550,/blog/top-3-psychiatrists-in-delhi/,301,WordPress shortlink
/?p=8427,/blog/tulasi-healthcare-the-best-rehabilitation-centre/,301,WordPress shortlink
/?p=8039,/blog/top-5-mental-hospitals-in-india/,301,WordPress shortlink
/?p=7879,/blog/the-journey-of-a-mental-health-patient-a-case-study-at-tulasi-healthcare/,301,WordPress shortlink
/?p=7860,/blog/best-treatment-modalities-for-bipolar-disorder/,301,WordPress shortlink
/?p=7624,/blog/the-best-resources-for-your-mental-health/,301,WordPress shortlink
/?p=7557,/blog/treatment-modalities-by-psychiatrist-delhi/,301,WordPress shortlink
/?p=7276,/blog/lifestyle-regimen-for-alcohol-addiction/,301,WordPress shortlink
/?p=7259,/blog/interventions-for-treatment-resistant-depression/,301,WordPress shortlink
/?p=7252,/blog/role-of-a-psychiatrist-in-rehabilitating-from-substance-abuse/,301,WordPress shortlink
/?p=7188,/blog/how-does-addiction-begin/,301,WordPress shortlink
/?p=7170,/blog/addiction-and-rehabilitation-treating-alcohol-abuse-at-a-rehab-centre/,301,WordPress shortlink
/?p=7068,/blog/new-treatment-approaches-to-ocd-erp-and-dtms/,301,WordPress shortlink
/?p=6908,/blog/why-is-importance-of-mental-health/,301,WordPress shortlink
/?p=6897,/blog/overcoming-challenges-of-substance-abuse/,301,WordPress shortlink
/?p=6809,/blog/delusional-disorder-causes-symptoms-types-treatment/,301,WordPress shortlink
/?p=6698,/blog/best-care-modalities-with-our-mental-health-hospital/,301,WordPress shortlink
/?p=6681,/blog/bipolar-disorder-its-symptoms-treatment/,301,WordPress shortlink
/?p=6671,/blog/explore-tulasi-healthcare-as-your-psychiatric-care-facility/,301,WordPress shortlink
/?p=6632,/blog/top-4-rehabilitation-centre-in-delhi/,301,WordPress shortlink
/?p=6530,/blog/trusted-mental-facility-in-delhi-ncr/,301,WordPress shortlink
/?p=5154,/blog/menopausal-anxiety-understanding-coping-and-seeking-support/,301,WordPress shortlink
/?p=5143,/blog/how-does-environment-influence-precipitation-of-mental-illness/,301,WordPress shortlink
/?p=5132,/blog/what-is-cognitive-rehabilitation-therapy/,301,WordPress shortlink
/?p=5117,/blog/how-to-control-your-teenager-screen-time/,301,WordPress shortlink
/?p=5092,/blog/importance-of-family-therapy-a-guide-in-a-rehabilitation-centre/,301,WordPress shortlink
/?p=5081,/blog/what-are-the-different-types-of-schizophrenia/,301,WordPress shortlink
/?p=5048,/blog/role-of-aa-12-step-program-in-rehabilitation-centre-near-me/,301,WordPress shortlink
/?p=5043,/blog/lifestyle-impact-on-mental-health-insights-by-top-delhi-psychiatrist/,301,WordPress shortlink
/?p=5036,/blog/types-of-mood-stabilizers/,301,WordPress shortlink
/?p=5029,/blog/tips-for-caregivers-of-patients-of-schizophrenia-an-insight-by-psychiatrist-in-india/,301,WordPress shortlink
/?p=5019,/blog/mindfulness-and-mental-health/,301,WordPress shortlink
/?p=5014,/blog/treatment-of-catatonia-in-rehabilitation-centre/,301,WordPress shortlink
/?p=5006,/blog/overview-of-cluster-c-personality-disorders/,301,WordPress shortlink
/?p=4992,/blog/types-of-schizophrenia-with-their-treatment-in-mental-hospital-in-india/,301,WordPress shortlink
/?p=4980,/blog/understanding-schizophrenia-a-comprehensive-overview-by-the-best-psychiatrist-in-india/,301,WordPress shortlink
/?p=4956,/blog/comprehensive-alcohol-addiction-treatment-in-a-deaddiction-center/,301,WordPress shortlink
/?p=4926,/blog/management-of-treatment-resistant-ocd-a-comprehensive-approach/,301,WordPress shortlink
/?p=4913,/blog/therapies-for-substance-dependency-in-rehabilitation-centre/,301,WordPress shortlink
/?p=4900,/blog/treatment-of-suicidal-patients-in-a-mental-rehabilitation-center/,301,WordPress shortlink
/?p=4890,/blog/guidelines-for-the-treatment-of-mania-in-a-rehabilitation-centre/,301,WordPress shortlink
/?p=4882,/blog/treatment-of-mental-illnesses-in-a-rehabilitation-centre/,301,WordPress shortlink
/?p=4873,/blog/obsessive-compulsive-disorder-effective-treatment/,301,WordPress shortlink
/?p=4863,/blog/comprehensive-guide-for-psychosis-treatment-by-psychiatrists-near-me/,301,WordPress shortlink
/?p=4852,/blog/phobias-and-their-treatment-by-psychiatrists/,301,WordPress shortlink
/?p=4835,/blog/female-sexual-disorders-diagnosis-treatment/,301,WordPress shortlink
/?p=4823,/blog/erectile-disorder-causes-and-treatment-by-psychiatrist-at-sexual-health-clinic-in-delhi-and-gurgaon/,301,WordPress shortlink
/?p=4800,/blog/erectile-dysfunction/,301,WordPress shortlink
/?p=4789,/blog/premature-ejaculation/,301,WordPress shortlink
/?p=4781,/blog/the-role-of-psychiatric-rehabilitation-center-in-mental-health-recovery/,301,WordPress shortlink
/?p=4599,/blog/healing-and-hope-at-tulasi-healthcare-rehabilitation-centre/,301,WordPress shortlink
/?p=4558,/blog/ocd-treatment-dtms-therapy/,301,WordPress shortlink
/?p=4458,/blog/schizophrenia-treatment-in-rehabilitation-centre/,301,WordPress shortlink
/?p=4447,/blog/%e0%a4%b8%e0%a4%b0%e0%a5%8d%e0%a4%b5%e0%a4%b6%e0%a5%8d%e0%a4%b0%e0%a5%87%e0%a4%b7%e0%a5%8d%e0%a4%a0-%e0%a4%a8%e0%a4%b6%e0%a4%be%e0%a4%ae%e0%a5%81%e0%a4%95%e0%a5%8d%e0%a4%a4%e0%a4%bf-%e0%a4%95%e0%a5%87/,301,WordPress shortlink
/?p=4373,/blog/ocd-treatment/,301,WordPress shortlink
/?p=4337,/blog/transcranial-magnetic-stimulation/,301,WordPress shortlink
/?p=4325,/blog/deaddiction-centre/,301,WordPress shortlink
/?p=2731,/blog/clozapine-an-atypical-antipsychotic/,301,WordPress shortlink
/?p=3454,/blog/drug-and-alcohol-treatment-centre/,301,WordPress shortlink
/?p=2868,/blog/bipolar-disorder/,301,WordPress shortlink
/?p=2890,/blog/how-to-deal-with-a-teenager-with-a-drug-abuse/,301,WordPress shortlink
/?p=2884,/blog/roller-coaster-ride-of-schizophrenia/,301,WordPress shortlink
/?p=2876,/blog/cbt-an-effective-treatment-for-schizophrenia/,301,WordPress shortlink
/?p=2861,/blog/relapse-bitter-truth/,301,WordPress shortlink
/?p=2854,/blog/sharing-insanity/,301,WordPress shortlink
/?p=2848,/blog/anxiety-boon-bane/,301,WordPress shortlink
/?p=2838,/blog/rehabilitation-centre/,301,WordPress shortlink
/?p=2829,/blog/look-offshore-de-addiction-treatment/,301,WordPress shortlink
/?p=2822,/blog/a-man/,301,WordPress shortlink
/?p=2813,/blog/a-man-2/,301,WordPress shortlink
/?p=2800,/blog/alcoholism-disease-just-bad-habit/,301,WordPress shortlink
/?p=2790,/blog/life-without-alcohol/,301,WordPress shortlink
/?p=2781,/blog/tips-overcome-alcohol-craving/,301,WordPress shortlink
/?p=2775,/blog/role-occupational-therapy-rehab-centre/,301,WordPress shortlink
/?p=2768,/blog/binge-drinking/,301,WordPress shortlink
/?p=2760,/blog/mysterious-world-delusions/,301,WordPress shortlink
/?p=2754,/blog/nervous-breakdown/,301,WordPress shortlink
/?p=2747,/blog/story-woman-alcoholic/,301,WordPress shortlink
/?p=2739,/blog/myths-and-facts-about-schizophrenia/,301,WordPress shortlink
/?p=2722,/blog/deal-behavioural-problems-teenagers/,301,WordPress shortlink
/?p=2715,/blog/harm-reduction-avoiding-trouble/,301,WordPress shortlink
/?p=2702,/blog/co-existent-psychosis-with-obsessive-compulsive-disorder/,301,WordPress shortlink
/?p=2694,/blog/naltrexone-an-opiod-antagonist/,301,WordPress shortlink
/?p=2687,/blog/challenges-after-initial-psychiatric-treatment/,301,WordPress shortlink
/?p=2680,/blog/relationship-parenting-style-mental-illness/,301,WordPress shortlink
/?p=2668,/blog/coping-schizophrenia/,301,WordPress shortlink
/?p=2661,/blog/delusional-disorders/,301,WordPress shortlink
/?p=2654,/blog/cluster-a-personality-disorder/,301,WordPress shortlink
/?p=2643,/blog/how-to-tell-if-your-child-is-addicted-to-substances/,301,WordPress shortlink
/?p=2632,/blog/how-you-can-prevent-a-winter-relapse/,301,WordPress shortlink
/?p=2624,/blog/tips-for-managing-boredom-in-recovery/,301,WordPress shortlink
/?p=2614,/blog/methods-for-avoiding-relapse/,301,WordPress shortlink
/?p=2603,/blog/things-to-say-to-your-addicted-loved-one/,301,WordPress shortlink
/?p=2595,/blog/what-most-rehabs-recommend-you-bring/,301,WordPress shortlink
/?p=2587,/blog/nuances-of-rehabilitation/,301,WordPress shortlink
/?p=2580,/blog/rehabilitation-of-patients-suffering-from-depression/,301,WordPress shortlink
/?p=2568,/blog/rehabilitation-centers-for-people-suffering-from-mental-disorders/,301,WordPress shortlink
/?p=2557,/blog/hospitalization-of-patients-suffering-from-bipolar-disorder/,301,WordPress shortlink
/?p=2548,/blog/what-it-is-like-to-be-in-a-psychiatric-hospital-located-in-the-ncr/,301,WordPress shortlink
/?p=2541,/blog/relearn-social-skills-while-in-a-psychiatric-hospital/,301,WordPress shortlink
/?p=2534,/blog/holistic-treatment-of-psychiatric-illnesses-hospitals/,301,WordPress shortlink
/?p=2525,/blog/borderline-personality-disorder-part-i/,301,WordPress shortlink
/?p=2517,/blog/borderline-personality-disorder-part-ii/,301,WordPress shortlink
/?p=2511,/blog/schizophrenia-treatable-or-curable/,301,WordPress shortlink
/?p=2495,/blog/12-steps-of-alcoholics-anonymous-help-recovering-addicts/,301,WordPress shortlink
/?p=2498,/blog/keep-calm-and-treat-schizophrenia-recovery/,301,WordPress shortlink
/?p=2479,/blog/features-of-residential-treatment-of-schizophrenia/,301,WordPress shortlink
/?p=2472,/blog/treatment-of-marijuana-induced-psychosis-at-rehabilitation-centres/,301,WordPress shortlink
/?p=2465,/blog/patient-safety-in-mental-hospitals-located-in-delhi/,301,WordPress shortlink
/?p=2457,/blog/body-shaming-among-teens/,301,WordPress shortlink
/?p=2446,/blog/treatment-of-p-t-s-d/,301,WordPress shortlink
/?p=2435,/blog/crypto-currency-gambling-addiction/,301,WordPress shortlink
/?p=2390,/blog/importance-of-intake-of-vitamin-d-for-individuals-residing-at-psychiatric-hospitals/,301,WordPress shortlink
/?p=2376,/blog/management-of-alcohol-withdrawal-symptoms-at-mental-hospital/,301,WordPress shortlink
/?p=2368,/blog/importance-of-mental-wellbeing-in-the-corporate/,301,WordPress shortlink
/?p=2360,/blog/role-of-family-during-rehabilitation-of-relatives-suffering-from-mental-illness/,301,WordPress shortlink
/?p=2350,/blog/precautions-to-be-taken-for-preventing-the-onset-or-dispersal-of-coronavirus-covid-19/,301,WordPress shortlink
/?p=2342,/blog/familiarizing-elderly-patients-isolated-in-the-wake-of-the-spreading-covid-with-functionality-of-digital-applications-for-procurement-of-groceries-and-medicines-online/,301,WordPress shortlink
/?p=2334,/blog/schizophrenia-symptoms-causes-and-treatments-tulasi-healthcare/,301,WordPress shortlink
/?p=2323,/blog/bipolar-disorder-symptoms-causes-and-treatments-tulasi-healthcare/,301,WordPress shortlink
/?p=2307,/blog/management-of-withdrawal-symptoms-during-lockdown/,301,WordPress shortlink
/?p=2299,/blog/drug-induced-psychosis-and-heroin-addiction/,301,WordPress shortlink
/?p=2288,/blog/role-of-alcoholic-anonymous-in-alcohol-addiction-treatment/,301,WordPress shortlink
/?p=2278,/blog/marijuana-induced-psychosis/,301,WordPress shortlink
/?p=2269,/blog/coping-with-bipolar-disorder/,301,WordPress shortlink
/?p=2261,/blog/psychiatric-disorders-which-affect-suicidal-patients-admitted-into-psychiatric-hospitals/,301,WordPress shortlink
/?p=2244,/blog/multiple-barriers-against-successful-care-for-depressed-patients-at-mental-hospitals/,301,WordPress shortlink
/?p=2236,/blog/prevalence-of-self-stigma-and-its-association-with-self-esteem-among-patients-in-mental-hospitals/,301,WordPress shortlink
/?p=2225,/blog/patient-assaults-among-staff-members-of-mental-health-hospitals/,301,WordPress shortlink
/?p=2211,/blog/susceptibility-risk-factors-for-in-patient-violence-at-psychiatric-hospitals/,301,WordPress shortlink
/?p=2202,/blog/world-mental-health-day-overcoming-stress/,301,WordPress shortlink
/?p=2191,/blog/ocd-among-children/,301,WordPress shortlink
/?p=2183,/blog/increased-digital-addiction-among-children/,301,WordPress shortlink
/?p=2172,/blog/a-new-beginning-the-story-of-my-journey-of-recovery/,301,WordPress shortlink
/?p=2162,/blog/best-psychiatric-hospital-in-delhi-and-gurgaon/,301,WordPress shortlink
/?p=2154,/blog/a-casual-drinker-who-needed-to-quit/,301,WordPress shortlink
/?p=2146,/blog/importance-of-mental-health/,301,WordPress shortlink
/?p=2129,/blog/dual-diagnosis-mental-illness-along-with-drug-alcohol-addiction/,301,WordPress shortlink
/?p=2118,/blog/tulasi-healthcare-is-the-top-mental-hospital-for-psychiatric-care-in-india/,301,WordPress shortlink
/?p=2110,/blog/alcohol-rehab-centre-in-gurgaon/,301,WordPress shortlink
/?p=2103,/blog/drug-rehab-centre-in-gurgaon/,301,WordPress shortlink
/?p=2084,/blog/all-you-need-to-know-about-obsessive-compulsive-disorder-ocd/,301,WordPress shortlink
/?p=2076,/blog/rehabilitation-centre-in-gurgaon/,301,WordPress shortlink
/?p=2070,/blog/world-mental-health-day/,301,WordPress shortlink
/?p=2055,/blog/alcohol-and-drug-rehab-centre-in-gurgaon/,301,WordPress shortlink
/?p=1923,/blog/obsessive-compulsive-disorder-treatment/,301,WordPress shortlink
/?p=1900,/blog/drug-induced-schizophrenia-what-it-is-treatment/,301,WordPress shortlink
/?p=1887,/blog/schizophrenia-treatment/,301,WordPress shortlink
/?p=1874,/blog/types-of-schizophrenia/,301,WordPress shortlink
/?p=592,/blog/understanding-schizophrenia/,301,WordPress shortlink
/?p=589,/blog/what-is-obsessive-compulsive-disorder-ocd/,301,WordPress shortlink
/?p=585,/blog/what-is-drug-induced-psychosis/,301,WordPress shortlink
/?page_id=18075,/marriage-counselling/,301,WordPress shortlink
/?page_id=17681,/mental-hospital-in-noida/,301,WordPress shortlink
/?page_id=17595,/terms-of-use/,301,WordPress shortlink
/?page_id=17497,/child-counsellor-near-me/,301,WordPress shortlink
/?page_id=17296,/autism-care-centre/,301,WordPress shortlink
/?page_id=17041,/iq-testing/,301,WordPress shortlink
/?page_id=16763,/child-psychologist/,301,WordPress shortlink
/?page_id=16627,/psychologist-in-chandigarh/,301,WordPress shortlink
/?page_id=16507,/adhd-treatment/,301,WordPress shortlink
/?page_id=16448,/autism-spectrum-disorder/,301,WordPress shortlink
/?page_id=15725,/best-psychologist-in-india/,301,WordPress shortlink
/?page_id=13058,/psychiatrist-in-chandigarh/,301,WordPress shortlink
/?page_id=12936,/psychiatrist-in-bangalore/,301,WordPress shortlink
/?page_id=12697,/psychiatrist-in-noida/,301,WordPress shortlink
/?page_id=12329,/psychiatrist-in-mumbai/,301,WordPress shortlink
/?page_id=12228,/counsellor-near-me/,301,WordPress shortlink
/?page_id=11933,/stroke-rehabilitation/,301,WordPress shortlink
/?page_id=11575,/drug-screening-tests/,301,WordPress shortlink
/?page_id=10773,/psychologist-in-delhi/,301,WordPress shortlink
/?page_id=10692,/dementia-treatment-in-india/,301,WordPress shortlink
/?page_id=10636,/employee-assistance-program/,301,WordPress shortlink
/?page_id=10589,/palliative-care-for-dementia/,301,WordPress shortlink
/?page_id=10548,/mental-hospital-in-india/,301,WordPress shortlink
/?page_id=10354,/dementia-treatment-clinic-in-gurgaon/,301,WordPress shortlink
/?page_id=10260,/sexologist-in-gurgaon/,301,WordPress shortlink
/?page_id=10103,/mental-hospital-near-me/,301,WordPress shortlink
/?page_id=10043,/rehabilitation-centre-in-jammu/,301,WordPress shortlink
/?page_id=9811,/best-psychiatrist-in-delhi/,301,WordPress shortlink
/?page_id=9728,/mental-hospital-in-faridabad/,301,WordPress shortlink
/?page_id=9496,/mental-hospital-in-gurgaon/,301,WordPress shortlink
/?page_id=9116,/psychologist-in-gurgaon/,301,WordPress shortlink
/?page_id=8454,/sitemap/,301,WordPress shortlink
/?page_id=8303,/rehabilitation-centre-in-imphal/,301,WordPress shortlink
/?page_id=8270,/rehabilitation-centre-in-aizawl/,301,WordPress shortlink
/?page_id=8050,/rehabilitation-centre-in-guwahati/,301,WordPress shortlink
/?page_id=7842,/rehabilitation-center-in-dehradun/,301,WordPress shortlink
/?page_id=7814,/rehabilitation-center-in-kanpur/,301,WordPress shortlink
/?page_id=7760,/ocd-treatment-in-india/,301,WordPress shortlink
/?page_id=7583,/rehabilitation-centres-for-chronic-mental-illnesses/,301,WordPress shortlink
/?page_id=7467,/nasha-mukti-kendra-in-ludhiana/,301,WordPress shortlink
/?page_id=7288,/psychiatrist-in-india/,301,WordPress shortlink
/?page_id=7227,/rehabilitation-centre-in-faridabad/,301,WordPress shortlink
/?page_id=7155,/rehabilitation-centre-in-sirsa/,301,WordPress shortlink
/?page_id=7117,/rehabilitation-centre-in-rohtak/,301,WordPress shortlink
/?page_id=7082,/rehabilitation-centre-in-meerut/,301,WordPress shortlink
/?page_id=7033,/rehabilitation-centre-in-panipat/,301,WordPress shortlink
/?page_id=6965,/rehabilitation-centre-in-haryana/,301,WordPress shortlink
/?page_id=6886,/rehabilitation-centre-in-delhi/,301,WordPress shortlink
/?page_id=6719,/rehabilitation-centre-in-jaipur/,301,WordPress shortlink
/?page_id=6639,/internship/,301,WordPress shortlink
/?page_id=6604,/rehabilitation-centre-in-lucknow/,301,WordPress shortlink
/?page_id=6479,/rehabilitation-centre-in-noida/,301,WordPress shortlink
/?page_id=6352,/rehabilitation-centre-in-chandigarh/,301,WordPress shortlink
/?page_id=6342,/rehabilitation-centre-near-me/,301,WordPress shortlink
/?page_id=1634,/admission/,301,WordPress shortlink
/?page_id=5477,/international-patient-services/,301,WordPress shortlink
/?page_id=5432,/rehabilitation-centre/,301,WordPress shortlink
/?page_id=5418,/publications/,301,WordPress shortlink
/?page_id=5099,/anxiety/,301,WordPress shortlink
/?page_id=5055,/psychiatrist-in-delhi/,301,WordPress shortlink
/?page_id=4841,/modified-electroconvulsive-therapy/,301,WordPress shortlink
/?page_id=4669,/sexologist-in-delhi/,301,WordPress shortlink
/?page_id=4590,/psychiatrist-in-gurgaon/,301,WordPress shortlink
/?page_id=4526,/virtual-reality-therapy/,301,WordPress shortlink
/?page_id=4474,/digital-and-gaming-addiction/,301,WordPress shortlink
/?page_id=4394,/deeptms-ocd-treatment/,301,WordPress shortlink
/?page_id=4383,/dtms-for-treatment-resistance-depression/,301,WordPress shortlink
/?page_id=4273,/deep-tms-treatment/,301,WordPress shortlink
/?page_id=4234,/smoking-cessation/,301,WordPress shortlink
/?page_id=4218,/map-direction/gurgaon/,301,WordPress shortlink
/?page_id=4201,/map-direction/delhi/,301,WordPress shortlink
/?page_id=4176,/cluster-c-personality-disorders/,301,WordPress shortlink
/?page_id=4153,/ocd-treatment-in-delhi/,301,WordPress shortlink
/?page_id=4113,/cluster-b-personality-disorders/,301,WordPress shortlink
/?page_id=4081,/cluster-a-personality-disorders/,301,WordPress shortlink
/?page_id=3691,/healourmind/,301,WordPress shortlink
/?page_id=3677,/alcohol-use-disorder-treatment/,301,WordPress shortlink
/?page_id=3663,/liver-cirrhosis/,301,WordPress shortlink
/?page_id=3651,/alcoholic-hepatitis-treatment/,301,WordPress shortlink
/?page_id=3620,/fatty-liver-disease/,301,WordPress shortlink
/?page_id=1114,/map-direction/,301,WordPress shortlink
/?page_id=3381,/drug-addiction-treatment-in-delhi-gurgaon-and-ncr/,301,WordPress shortlink
/?page_id=3268,/our-team/,301,WordPress shortlink
/?page_id=1929,/blog/,301,WordPress shortlink
/?page_id=1854,/rehabilitation-centre-in-india/,301,WordPress shortlink
/?page_id=1690,/rehab-centre-in-gurgaon/,301,WordPress shortlink
/?page_id=1666,/about-us/,301,WordPress shortlink
/?page_id=1316,/videos/,301,WordPress shortlink
/?page_id=1314,/gallery/,301,WordPress shortlink
/?page_id=1178,/psychiatric-mental-hospital-in-delhi/,301,WordPress shortlink
/?page_id=1078,/privacy-policy/,301,WordPress shortlink
/?page_id=1063,/mission-vision/,301,WordPress shortlink
/?page_id=344,/services-2/,301,WordPress shortlink
/?page_id=306,/faqs/,301,WordPress shortlink
/?page_id=304,/careers/,301,WordPress shortlink
/?page_id=302,/treatment-of-problem-drinking/,301,WordPress shortlink
/?page_id=300,/depression/,301,WordPress shortlink
/?page_id=298,/family-therapy/,301,WordPress shortlink
/?page_id=296,/obsessive-compulsive-disorder-treatment/,301,WordPress shortlink
/?page_id=294,/bipolar-disorder-treatment-delhi-gurgaon/,301,WordPress shortlink
/?page_id=292,/cbt-behavioural-therapy/,301,WordPress shortlink
/?page_id=290,/dual-diagnosis/,301,WordPress shortlink
/?page_id=288,/relapse-prevention/,301,WordPress shortlink
/?page_id=286,/schizophrenia-treatment-delhi-gurgaon-ncr/,301,WordPress shortlink
/?page_id=284,/deaddiction-centre/heroin-addiction/,301,WordPress shortlink
/?page_id=282,/deaddiction-centre/cocaine-addiction/,301,WordPress shortlink
/?page_id=280,/deaddiction-centre/alcohol-addiction/,301,WordPress shortlink
/?page_id=278,/deaddiction-centre/marijuana-treatment/,301,WordPress shortlink
/?page_id=276,/deaddiction-centre/,301,WordPress shortlink
/?page_id=274,/child-psychiatry-hospital-services/,301,WordPress shortlink
/?page_id=272,/treatment-of-dementia/,301,WordPress shortlink
/?page_id=270,/treatment-of-personality-disorders/,301,WordPress shortlink
/?page_id=71,/contact-us/,301,WordPress shortlink
/?page_id=61,/,301,WordPress shortlink
/feed/,/blog/feed.xml,301,RSS feed moves to a static feed
/comments/feed/,/blog/feed.xml,301,comments feed retired